agent,mean_score,median_score,max_score,mean_max_tile,max_max_tile,mean_steps,pct_>=512,pct_>=1024,pct_>=2048,pct_>=4096,pct_>=8192
ntuple,3270.1666666666665,3178.0,7414,1221.9733333333334,4096,1086.8033333333333,0.9833333333333333,0.87,0.25,0.006666666666666667,0.0
greedy,1299.5866666666666,1265.5,3067,468.26666666666665,1024,448.49,0.6466666666666666,0.10666666666666667,0.0,0.0,0.0
dqn,310.55,295.5,644,109.44,256,123.56,0.0,0.0,0.0,0.0,0.0
random,297.584,291.0,733,107.584,256,118.988,0.0,0.0,0.0,0.0,0.0
